STATE,PLACE,name,total,total_males,35_39,40_44,45_49,eligible,percent_eligible,centroid
01,07000,"Birmingham city, Alabama",167871,77984,2351,2997,1697,7045,0.09033904390644235,POINT (-86.79704394470215 33.527856150318655)
01,37000,"Huntsville city, Alabama",183284,88462,2694,1766,851,5311,0.06003707806741878,POINT (-86.64380532125938 34.69797913217947)
01,50000,"Mobile city, Alabama",152228,69520,2636,1772,1379,5787,0.0832422324510932,POINT (-88.11621681671512 30.678257029867172)
01,51000,"Montgomery city, Alabama",158509,72098,2371,1898,1387,5656,0.07844877805209576,POINT (-86.26676219011274 32.348155109135504)
02,03000,"Anchorage municipality, Alaska",231551,118304,3389,1919,1496,6804,0.05751284825534217,POINT (-149.1081619174607 61.149758486538914)
04,12000,"Chandler city, Arizona",224980,112052,3400,1612,1725,6737,0.06012387105986506,POINT (-111.85118316454688 33.28223003947238)
04,27400,"Gilbert town, Arizona",207483,102207,1657,1252,716,3625,0.03546723805610183,POINT (-111.74622553233823 33.31001016575546)
04,27820,"Glendale city, Arizona",198247,95269,3002,1767,1404,6173,0.0647954738687296,POINT (-112.24533884618205 33.5756975013519)
04,46000,"Mesa city, Arizona",409845,202791,5122,3881,2267,11270,0.055574458432573436,POINT (-111.71645817231746 33.40022016584716)
04,54050,"Peoria city, Arizona",159291,76412,1718,971,699,3388,0.0443385855624771,POINT (-112.29877909685615 33.78372826139844)
04,55000,"Phoenix city, Arizona",1303413,651010,21898,17164,11971,51033,0.07839050091396446,POINT (-112.08923439565817 33.57210415160342)
04,65000,"Scottsdale city, Arizona",214822,103166,2465,1715,1640,5820,0.05641393482348836,POINT (-111.86506947486635 33.687180707821014)
04,71510,"Surprise city, Arizona",120312,57094,1375,827,508,2710,0.04746558307352786,POINT (-112.45137168912396 33.68156411191028)
04,73000,"Tempe city, Arizona",164675,87186,3070,2253,1187,6510,0.0746679512765811,POINT (-111.93189489012771 33.38810216954072)
04,77000,"Tucson city, Arizona",454428,224560,7428,5153,3583,16164,0.07198076237976488,POINT (-110.87881371169884 32.15392820305599)
05,41000,"Little Rock city, Arkansas",161270,75548,2918,1397,1229,5544,0.07338380896913221,POINT (-92.35789685132457 34.725664515103844)
06,02000,"Anaheim city, California",281400,135579,4702,3373,2095,10170,0.07501161684331645,POINT (-117.8574704751618 33.838966728046785)
06,03526,"Bakersfield city, California",307889,150273,4308,3560,1814,9682,0.06442940514929495,POINT (-119.03588439207003 35.35285386530599)
06,06000,"Berkeley city, California",108535,52143,1768,1056,659,3483,0.06679707726828146,POINT (-122.27598594158322 37.87222352579815)
06,13392,"Chula Vista city, California",220583,109381,3216,2051,1106,6373,0.058264232362110424,POINT (-117.01443166974613 32.6281200010459)
06,16000,"Concord city, California",101803,50657,1707,1161,731,3599,0.07104644965157826,POINT (-122.0015950319809 37.972190582533585)
06,16350,"Corona city, California",128702,63311,1369,1084,993,3446,0.05442971995387847,POINT (-117.56486629153896 33.86159464798746)
06,22020,"Elk Grove city, California",140810,68119,1633,1008,543,3184,0.04674173138184647,POINT (-121.3836374977058 38.4155266289705)
06,22804,"Escondido city, California",121220,60601,2322,1503,718,4543,0.07496575964093002,POINT (-117.07227067738782 33.13476381180654)
06,24680,"Fontana city, California",165054,82834,2283,1718,1154,5155,0.06223289953400778,POINT (-117.45980234671022 34.09722773020173)
06,26000,"Fremont city, California",185573,93260,2191,1139,884,4214,0.04518550289513189,POINT (-121.98404992631416 37.52642884211133)
06,27000,"Fresno city, California",415810,204686,7423,4532,4015,15970,0.07802194580967922,POINT (-119.79392464047801 36.78299820311662)
06,28000,"Fullerton city, California",114158,56682,1920,1122,613,3655,0.06448255178010656,POINT (-117.92788019918218 33.88406628334329)
06,29000,"Garden Grove city, California",141765,70698,1927,1380,1532,4839,0.06844606636679963,POINT (-117.9601194554306 33.77871353154097)
06,30000,"Glendale city, California",163687,77792,2411,1554,1080,5045,0.06485242698477993,POINT (-118.24686008212454 34.1818816391018)
06,33000,"Hayward city, California",133136,66574,2024,1510,1048,4582,0.06882566767807252,POINT (-122.07658200233463 37.63283613810409)
06,36000,"Huntington Beach city, California",167975,82708,2660,1141,885,4686,0.05665715529332108,POINT (-118.00186744196883 33.69606133687713)
06,36770,"Irvine city, California",252521,122498,4384,1658,844,6886,0.056213162663880226,POINT (-117.77382955033242 33.67719498469746)
06,40130,"Lancaster city, California",131998,64771,2295,1374,1180,4849,0.07486375075265166,POINT (-118.1753386177882 34.693457173798635)
06,43000,"Long Beach city, California",382932,187186,7729,6174,4637,18540,0.09904586881497549,POINT (-118.16335027455897 33.80278250227163)
06,44000,"Los Angeles city, California",3236572,1600015,75262,51884,38695,165841,0.10364965328450046,POINT (-118.40753203706767 34.116165925441884)
06,48354,"Modesto city, California",171195,83796,2765,2119,1147,6031,0.07197240918420927,POINT (-121.00293851176052 37.63722510879933)
06,49270,"Moreno Valley city, California",163256,80955,2516,2141,1404,6061,0.07486875424618615,POINT (-117.20455751560345 33.924388928098224)
06,53000,"Oakland city, California",367133,180183,8854,6282,4544,19680,0.109222290671151,POINT (-122.21648610110427 37.79042985631884)
06,53322,"Oceanside city, California",141656,71231,2113,1184,832,4129,0.0579663348822844,POINT (-117.3082704250998 33.22473775710061)
06,53896,"Ontario city, California",141320,69355,2752,1357,1141,5250,0.07569749837791075,POINT (-117.60641545746508 34.039264215755104)
06,53980,"Orange city, California",115064,58307,2089,1284,990,4363,0.07482806524088016,POINT (-117.82175026043086 33.8038202782314)
06,54652,"Oxnard city, California",157046,78813,3237,2049,1261,6547,0.08307005189499195,POINT (-119.18149311467576 34.1963528968913)
06,55156,"Palmdale city, California",125361,60806,1625,1374,509,3508,0.057691675163635166,POINT (-118.10570451187905 34.594419226290455)
06,56000,"Pasadena city, California",118025,57934,2817,2171,1264,6252,0.10791590430489868,POINT (-118.13896310321313 34.159688193397585)
06,58072,"Pomona city, California",119642,59070,2405,1602,1156,5163,0.08740477399695276,POINT (-117.76259753786752 34.05848461980922)
06,59451,"Rancho Cucamonga city, California",141277,69484,1637,1135,841,3613,0.05199758217719187,POINT (-117.56214459888342 34.13061417262559)
06,62000,"Riverside city, California",256361,125352,4094,3146,1409,8649,0.06899770246984492,POINT (-117.39488952025016 33.938135790032064)
06,62938,"Roseville city, California",124141,60201,1116,737,328,2181,0.036228634075845915,POINT (-121.31963261300311 38.770294628071795)
06,64000,"Sacramento city, California",431406,210890,8105,5528,3560,17193,0.08152591398359334,POINT (-121.46847821457294 38.56766358876843)
06,64224,"Salinas city, California",121715,61124,2751,2210,1434,6395,0.1046233885216936,POINT (-121.631676696364 36.68829441655357)
06,65000,"San Bernardino city, California",172235,86302,3370,3084,1856,8310,0.09628977312229149,POINT (-117.29433034390983 34.141588920044704)
06,66000,"San Diego city, California",1168312,592144,21359,14600,9448,45407,0.07668236104731281,POINT (-117.122244494554 32.83126912391168)
06,67000,"San Francisco city, California",739303,380075,21329,14271,9545,45145,0.11877918831809511,POINT (-122.44502776439306 37.755587675089764)
06,68000,"San Jose city, California",820774,417803,13969,9284,7385,30638,0.07333121112103072,POINT (-121.84833405598242 37.30124507822827)
06,69000,"Santa Ana city, California",252950,129348,5633,3194,2589,11416,0.08825803259424189,POINT (-117.88180350479725 33.736706850063946)
06,69084,"Santa Clara city, California",109658,56836,1765,1032,637,3434,0.06041945245970864,POINT (-121.96797560086024 37.36458834810477)
06,69088,"Santa Clarita city, California",182185,90000,2484,1634,1178,5296,0.05884444444444444,POINT (-118.49887838371076 34.41989563593566)
06,70098,"Santa Rosa city, California",147405,71693,2058,1381,1186,4625,0.0645111796130724,POINT (-122.70672070047185 38.44582086652461)
06,72016,"Simi Valley city, California",105708,52030,1295,1179,811,3285,0.06313665193157794,POINT (-118.74895548567986 34.26627817365315)
06,75000,"Stockton city, California",249155,121765,4227,2928,1739,8894,0.07304233564653226,POINT (-121.31012018370667 37.97679002238876)
06,77000,"Sunnyvale city, California",126467,65915,2010,1305,773,4088,0.06201926723810969,POINT (-122.0255344400636 37.383627766786205)
06,78582,"Thousand Oaks city, California",105405,51504,880,1165,548,2593,0.05034560422491457,POINT (-118.87554838096784 34.19134697528237)
06,80000,"Torrance city, California",118512,57837,1549,824,641,3014,0.05211196984629217,POINT (-118.34159209153381 33.834646163955796)
06,81666,"Vallejo city, California",103119,50045,2161,1774,910,4845,0.09681286841842342,POINT (-122.23416066104198 38.11249882343407)
06,82590,"Victorville city, California",101534,50627,1749,1559,673,3981,0.0786339305113872,POINT (-117.35360208923754 34.52772758180005)
06,82954,"Visalia city, California",108839,53847,1854,830,645,3329,0.06182331420506249,POINT (-119.32677492715803 36.3275842559489)
08,03455,"Arvada city, Colorado",102232,50294,1081,662,606,2349,0.04670537241022786,POINT (-105.15103467309497 39.832021520594886)
08,04000,"Aurora city, Colorado",311557,155881,5383,2839,2313,10535,0.06758360544261327,POINT (-104.72148848271841 39.70923224802434)
08,16000,"Colorado Springs city, Colorado",394108,196330,4676,2881,1613,9170,0.04670707482300209,POINT (-104.75961854142083 38.86754342453833)
08,20000,"Denver city, Colorado",603390,303959,14469,9156,5282,28907,0.09510164199776944,POINT (-104.87578161444797 39.76198519847109)
08,27425,"Fort Collins city, Colorado",146729,72833,1811,822,715,3348,0.04596817376738566,POINT (-105.06566637146996 40.54767779387536)
08,43000,"Lakewood city, Colorado",134848,66957,2558,1046,701,4305,0.06429499529548816,POINT (-105.11723120997709 39.69776646496291)
08,77290,"Thornton city, Colorado",112188,56208,1693,558,1101,3352,0.0596356390549388,POINT (-104.94429154193696 39.92056433688677)
09,08000,"Bridgeport city, Connecticut",121955,58961,2669,2008,1280,5957,0.10103288614507895,POINT (-73.19535245191136 41.191762532750126)
09,52000,"New Haven city, Connecticut",109134,51466,2367,2163,1414,5944,0.11549372401196907,POINT (-72.92457561569994 41.31129429356043)
09,73000,"Stamford city, Connecticut",114999,55808,1373,1250,839,3462,0.062034116972477064,POINT (-73.55852203345957 41.10393227323252)
11,50000,"Washington city, District of Columbia",562489,264330,13267,9416,5586,28269,0.1069458631256384,POINT (-77.01629383836662 38.90473393549874)
12,10275,"Cape Coral city, Florida",176544,87384,1791,1298,1202,4291,0.049105099331685435,POINT (-81.99553295023361 26.644577401971972)
12,12875,"Clearwater city, Florida",100449,49399,1071,1361,1157,3589,0.0726532925767728,POINT (-82.76230125022175 27.97893291581671)
12,14400,"Coral Springs city, Florida",105872,49762,1132,502,640,2274,0.045697520196133594,POINT (-80.25912460206725 26.270219644174816)
12,24000,"Fort Lauderdale city, Florida",157006,82738,2738,2002,2186,6926,0.08371002441441659,POINT (-80.14643178665466 26.141124182495947)
12,25175,"Gainesville city, Florida",127651,59903,1811,1115,844,3770,0.06293507837670902,POINT (-82.34646224005114 29.679389166001464)
12,30000,"Hialeah city, Florida",190861,92241,2990,1883,2110,6983,0.07570386270747281,POINT (-80.30456082322848 25.869629787257026)
12,32000,"Hollywood city, Florida",128339,65092,1842,1479,1245,4566,0.07014686904688748,POINT (-80.16786399979446 26.029324900219923)
12,35000,"Jacksonville city, Florida",777104,372264,11019,8020,4888,23927,0.06427427846904347,POINT (-81.6754401174792 30.331931055359533)
12,45000,"Miami city, Florida",384348,194494,8628,6497,4669,19794,0.10177177702139911,POINT (-80.21013119492945 25.783990849807054)
12,45975,"Miramar city, Florida",111260,53957,1927,2623,749,5299,0.09820783216264803,POINT (-80.33511514161438 25.977318056127846)
12,53000,"Orlando city, Florida",255880,124011,5785,4297,2620,12702,0.10242639765827224,POINT (-81.33683009684435 28.477169669165267)
12,54000,"Palm Bay city, Florida",102791,49457,1374,972,639,2985,0.06035546029884546,POINT (-80.65955146841988 27.96326127559332)
12,55775,"Pembroke Pines city, Florida",143055,67472,2168,1353,866,4387,0.06501956367085605,POINT (-80.33818465657882 26.012801151323753)
12,58715,"Port St. Lucie city, Florida",183203,88453,2026,2021,695,4742,0.05361039195957175,POINT (-80.3883741801768 27.279591420064783)
12,63000,"St. Petersburg city, Florida",226091,107709,3079,2510,1453,7042,0.06537986612075128,POINT (-82.66543162455919 27.79260051761813)
12,70600,"Tallahassee city, Florida",172249,78858,2133,1520,1064,4717,0.05981637880747673,POINT (-84.25247361471732 30.45480072360515)
12,71000,"Tampa city, Florida",326189,163226,5654,3945,3447,13046,0.07992599218261796,POINT (-82.4446008070134 27.994470021889597)
12,76600,"West Palm Beach city, Florida",102173,49982,2381,1835,1185,5401,0.1080589012044336,POINT (-80.13206540334554 26.746836578369468)
13,03440,"Athens-Clarke County unified government (balance), Georgia",109033,51061,1420,1623,799,3842,0.07524333640155892,POINT (-83.36893915365174 33.95089362366956)
13,04000,"Atlanta city, Georgia",426383,209026,9588,7285,5901,22774,0.10895295322113038,POINT (-84.42210337648197 33.76287117547307)
13,04204,"Augusta-Richmond County consolidated government (balance), Georgia",162706,77311,3487,2291,1867,7645,0.09888631630686448,POINT (-82.07082659522499 33.36448483622508)
13,19000,"Columbus city, Georgia",161412,76450,2604,1308,1317,5229,0.06839764551994768,POINT (-84.8770523312256 32.510017923032386)
13,49008,"Macon-Bibb County, Georgia",124512,57504,1546,1288,727,3561,0.06192612687813022,POINT (-83.69741730884411 32.806497601931575)
13,69000,"Savannah city, Georgia",121611,56349,2545,1682,1158,5385,0.09556513868924027,POINT (-81.18219898158769 32.02837917911311)
15,71550,"Urban Honolulu CDP, Hawaii",298726,148427,5935,4527,3416,13878,0.09350050866756049,POINT (-157.84597690609576 21.32936468130709)
16,08830,"Boise City city, Idaho",200736,99975,3206,1713,976,5895,0.05896474118529632,POINT (-116.23104676283195 43.600231029126675)
17,03012,"Aurora city, Illinois",141123,69175,2479,1800,903,5182,0.07491145645102999,POINT (-88.28998163144561 41.763684039254564)
17,14000,"Chicago city, Illinois",2261984,1090325,47968,33728,25319,107015,0.09814963428335588,POINT (-87.68657480632865 41.83752979062956)
17,38570,"Joliet city, Illinois",118595,58438,1598,1394,1063,4055,0.06938978062219789,POINT (-88.14784566307239 41.51719256848165)
17,51622,"Naperville city, Illinois",119266,58558,780,436,561,1777,0.030345981761672188,POINT (-88.16584435663826 41.74804756295899)
17,65000,"Rockford city, Illinois",117672,56218,1730,1034,1030,3794,0.06748728165356292,POINT (-89.0644083630718 42.25936500852884)
18,25000,"Fort Wayne city, Indiana",212364,102184,2625,2465,1194,6284,0.0614969075393408,POINT (-85.14359359586896 41.088783654134424)
18,36003,"Indianapolis city (balance), Indiana",697907,334101,10353,7543,6089,23985,0.07178966839368933,POINT (-86.14578257564052 39.77712724263953)
19,12000,"Cedar Rapids city, Iowa",112767,55260,1566,1141,837,3544,0.06413318856315599,POINT (-91.67903104297697 41.96584635938754)
19,21000,"Des Moines city, Iowa",171878,85128,2822,1875,1423,6120,0.07189173949816746,POINT (-93.61043079832776 41.5725120468884)
20,36000,"Kansas City city, Kansas",118959,59367,1828,1973,1220,5021,0.08457560597638418,POINT (-94.74426747687023 39.12346695251894)
20,52575,"Olathe city, Kansas",112359,55452,1088,729,412,2229,0.04019692707206232,POINT (-94.82027559675505 38.882866605802846)
20,53775,"Overland Park city, Kansas",161625,79370,1458,1033,883,3374,0.04250976439460753,POINT (-94.68699346676864 38.88691544707571)
20,71000,"Topeka city, Kansas",102567,48383,1277,1089,787,3153,0.06516751751648306,POINT (-95.69542005424016 39.03466980067414)
20,79000,"Wichita city, Kansas",316368,155954,4712,2965,1518,9195,0.05895969324287931,POINT (-97.34484032825348 37.689451101045094)
21,46027,"Lexington-Fayette urban county, Kentucky",264983,129450,3776,2395,1381,7552,0.05833912707609115,POINT (-84.4587277170193 38.04230786552957)
21,48006,"Louisville/Jefferson County metro government (balance), Kentucky",509902,245451,7721,5217,4073,17011,0.06930507514738175,POINT (-85.64859405155023 38.166265143329994)
22,05000,"Baton Rouge city, Louisiana",185120,86491,3135,2158,1301,6594,0.07623914626955405,POINT (-91.13047271012887 30.44156060382228)
22,40735,"Lafayette city, Louisiana",100423,48276,1693,1176,625,3494,0.07237550749855,POINT (-92.03261737517056 30.20805559826104)
22,50115,"Metairie CDP, Louisiana",115270,55458,1748,1395,564,3707,0.06684337696995925,POINT (-90.17797206449637 29.997682316819034)
22,55000,"New Orleans city, Louisiana",313741,145635,8259,5110,4023,17392,0.11942184227692519,POINT (-89.9288596015262 30.06869667948191)
22,70000,"Shreveport city, Louisiana",146675,67917,2415,2108,1217,5740,0.08451492262614663,POINT (-93.79529110255285 32.46542475301375)
24,04000,"Baltimore city, Maryland",475553,217298,11408,7634,4893,23935,0.11014827563990465,POINT (-76.61444213465748 39.30507923190457)
25,07000,"Boston city, Massachusetts",579175,274810,10786,6821,5704,23311,0.08482587969870092,POINT (-71.08780745043852 42.317439982808175)
25,11000,"Cambridge city, Massachusetts",105717,51926,1882,863,737,3482,0.06705696568193198,POINT (-71.11848288885474 42.37586737004413)
25,67000,"Springfield city, Massachusetts",123147,57404,2228,1361,1191,4780,0.08326945857431538,POINT (-72.53951777500332 42.11550991071451)
25,82000,"Worcester city, Massachusetts",171745,83895,2654,2139,1516,6309,0.07520114428750224,POINT (-71.8079418233024 42.270528115681095)
26,03000,"Ann Arbor city, Michigan",108129,53815,1081,404,438,1923,0.03573353154325002,POINT (-83.7310060924563 42.27607529574613)
26,22000,"Detroit city, Michigan",503237,233885,11917,9044,8549,29510,0.12617311926801633,POINT (-83.10357845276711 42.38362084544191)
26,34000,"Grand Rapids city, Michigan",162490,79086,3167,1419,1088,5674,0.07174468300331285,POINT (-85.65615236576129 42.961953543656456)
26,76460,"Sterling Heights city, Michigan",112264,54453,1170,624,873,2667,0.04897801774006942,POINT (-83.03045541547561 42.580886569290236)
26,84000,"Warren city, Michigan",112327,54432,2199,1553,905,4657,0.08555629041740152,POINT (-83.02703126883246 42.493436781870074)
27,43000,"Minneapolis city, Minnesota",358609,183837,8236,5334,3233,16803,0.09140162208913331,POINT (-93.26779907759295 44.96350087873443)
27,58000,"St. Paul city, Minnesota",246832,120960,4989,3236,2187,10412,0.08607804232804232,POINT (-93.10387076636314 44.94779127316494)
28,36000,"Jackson city, Mississippi",119932,53432,1930,1926,1196,5052,0.09455008234765684,POINT (-90.21256521756003 32.31564210601354)
29,15670,"Columbia city, Missouri",106775,50586,1289,570,668,2527,0.04995453287470842,POINT (-92.32666071956878 38.947399701480514)
29,38000,"Kansas City city, Missouri",412654,196970,6010,4798,3573,14381,0.07301111844443316,POINT (-94.55409454812559 39.123807328012056)
29,65000,"St. Louis city, Missouri",246795,118537,6052,3990,3061,13103,0.1105393252739651,POINT (-90.24509548368745 38.63581950177913)
29,70000,"Springfield city, Missouri",144092,68937,2313,1351,634,4298,0.06234678039369279,POINT (-93.29225245699027 37.19421856032197)
31,28000,"Lincoln city, Nebraska",238803,119392,3197,2282,1606,7085,0.05934233449477352,POINT (-96.67796742120079 40.808901630587094)
31,37000,"Omaha city, Nebraska",388297,191792,6152,3928,2516,12596,0.06567531492450154,POINT (-96.05422410953783 41.26279075744385)
32,23770,"Enterprise CDP, Nevada",185864,92007,4588,2177,1657,8422,0.09153651352614475,POINT (-115.22782763677924 36.00914730087877)
32,31900,"Henderson city, Nevada",267693,132372,3483,2558,1826,7867,0.05943099749191672,POINT (-115.0284400595849 36.00643503662868)
32,40000,"Las Vegas city, Nevada",529829,263432,8388,6027,4743,19158,0.07272465000455526,POINT (-115.26543214250033 36.23335127859462)
32,51800,"North Las Vegas city, Nevada",213045,103938,2900,2266,1955,7121,0.0685119975369932,POINT (-115.08400257172798 36.290038291346214)
32,54600,"Paradise CDP, Nevada",156141,79220,3228,2767,2194,8189,0.10337036101994446,POINT (-115.13552239525505 36.08715630643578)
32,60600,"Reno city, Nevada",224605,114087,3612,2266,1560,7438,0.0651958593003585,POINT (-119.84805547334024 39.54944494291968)
32,68585,"Spring Valley CDP, Nevada",185655,92398,3844,3011,1694,8549,0.09252364769800211,POINT (-115.26360394590353 36.095180970159795)
32,71400,"Sunrise Manor CDP, Nevada",153453,74838,2067,2219,1517,5803,0.07754082150779017,POINT (-115.04872426507133 36.1783470944816)
34,21000,"Elizabeth city, New Jersey",106660,52891,2582,1842,1624,6048,0.11434837685050386,POINT (-74.19358042786098 40.666585048815236)
34,36000,"Jersey City city, New Jersey",239495,120466,5235,3705,2513,11453,0.09507246858034632,POINT (-74.06798853756749 40.71894714648064)
34,51000,"Newark city, New Jersey",243430,119328,5777,4610,3040,13427,0.11252178868329311,POINT (-74.17463832814961 40.7259075427892)
34,57000,"Paterson city, New Jersey",120980,58614,2410,1889,1549,5848,0.09977138567577712,POINT (-74.16239667767458 40.91467232564489)
35,02000,"Albuquerque city, New Mexico",468175,226818,8077,5805,4020,17902,0.0789267165745223,POINT (-106.6464676132183 35.1053528209849)
36,11000,"Buffalo city, New York",224131,105897,4750,3199,2800,10749,0.10150429190628629,POINT (-78.8487075940947 42.90180765115318)
36,51000,"New York city, New York",7055737,3340981,136839,96362,70276,303477,0.09083469795248761,POINT (-73.92439308329993 40.69577189572401)
36,63000,"Rochester city, New York",172418,81509,3467,3032,1914,8413,0.10321559582377406,POINT (-77.61624665561835 43.16800357424041)
36,73000,"Syracuse city, New York",120269,57082,2067,1636,969,4672,0.08184716723310326,POINT (-76.143716500239 43.04070520883851)
36,84000,"Yonkers city, New York",173577,81793,2679,1332,1234,5245,0.06412529189539447,POINT (-73.86737078209626 40.94663463231865)
37,10740,"Cary town, North Carolina",142887,69605,1378,712,336,2426,0.03485381797284678,POINT (-78.82040421381474 35.78226225998623)
37,12000,"Charlotte city, North Carolina",716724,340992,12383,8767,6214,27364,0.08024821696696696,POINT (-80.83044600339875 35.2085615500299)
37,19000,"Durham city, North Carolina",239577,111721,4077,2515,1797,8389,0.07508883737166692,POINT (-78.89925997852673 35.97835096137736)
37,22920,"Fayetteville city, North Carolina",166582,84950,1758,1445,916,4119,0.04848734549735138,POINT (-78.97725624141668 35.084981958280345)
37,28000,"Greensboro city, North Carolina",243660,110401,3503,2264,1481,7248,0.06565157924294164,POINT (-79.82426277935592 36.09469763705695)
37,55000,"Raleigh city, North Carolina",391181,187232,6516,4334,2716,13566,0.07245556315159801,POINT (-78.64171356857821 35.83236408164689)
37,74440,"Wilmington city, North Carolina",102231,47153,1853,784,671,3308,0.07015460310054504,POINT (-77.88662797210203 34.20995443138547)
37,75000,"Winston-Salem city, North Carolina",203071,93451,3164,1837,1668,6669,0.07136360231565206,POINT (-80.26069710711532 36.102866937650035)
38,25700,"Fargo city, North Dakota",107655,54559,1489,1510,635,3634,0.06660679264649279,POINT (-96.82943029043335 46.864351232927504)
39,01000,"Akron city, Ohio",155121,74684,3242,2308,1311,6861,0.09186706657383108,POINT (-81.52193473078077 41.07984979797244)
39,15000,"Cincinnati city, Ohio",255504,121398,5362,3577,2281,11220,0.09242326891711561,POINT (-84.50603609174871 39.141287242150504)
39,16000,"Cleveland city, Ohio",302969,145085,7262,5682,4435,17379,0.1197849536478616,POINT (-81.68052866013423 41.476394274838405)
39,18000,"Columbus city, Ohio",736406,358874,13772,10638,6394,30804,0.08583513990982908,POINT (-82.98540868959837 39.986032152002736)
39,21000,"Dayton city, Ohio",112052,54955,2022,1308,1389,4719,0.08587025748339551,POINT (-84.20027607096891 39.78053623207945)
39,77000,"Toledo city, Ohio",216207,104099,4070,2979,2599,9648,0.09268100558122556,POINT (-83.58274722954621 41.66374688274987)
40,52500,"Norman city, Oklahoma",110136,54018,979,597,413,1989,0.03682105964678441,POINT (-97.34702773595126 35.23350571317637)
40,55000,"Oklahoma City city, Oklahoma",544856,266920,7315,4681,3477,15473,0.057968679754233476,POINT (-97.51365347494692 35.46763818127014)
40,75000,"Tulsa city, Oklahoma",328701,159016,4893,3494,2360,10747,0.06758439402324294,POINT (-95.90432290370697 36.128221131708)
41,23850,"Eugene city, Oregon",154204,74999,2272,1661,1078,5011,0.06681422418965587,POINT (-123.11762695863986 44.05668751033196)
41,59000,"Portland city, Oregon",554095,274069,13997,10147,6576,30720,0.11208856163958711,POINT (-122.65004569584273 45.5371335876357)
41,64900,"Salem city, Oregon",143047,71550,2422,1722,961,5105,0.0713487071977638,POINT (-123.02437256894895 44.92315181547682)
42,60000,"Philadelphia city, Pennsylvania",1296806,603778,25659,20399,13249,59307,0.09822650046871532,POINT (-75.13389772662445 40.0076684664653)
42,61000,"Pittsburgh city, Pennsylvania",265978,129129,5347,3198,2351,10896,0.08438073554352624,POINT (-79.97630628087227 40.43961763928902)
44,59000,"Providence city, Rhode Island",158444,77098,3004,1533,1504,6041,0.07835482113673506,POINT (-71.41871867612903 41.82302527499174)
45,13330,"Charleston city, South Carolina",129758,60643,1404,1456,725,3585,0.059116468512441664,POINT (-79.96859224687992 32.816919009704314)
45,16000,"Columbia city, South Carolina",118785,58794,1643,1369,816,3828,0.06510868455964894,POINT (-80.90368097905503 34.037714580897)
46,59020,"Sioux Falls city, South Dakota",156154,78423,2460,1418,930,4808,0.061308544687145354,POINT (-96.73181262028635 43.54077844342472)
47,14000,"Chattanooga city, Tennessee",150530,71210,2395,1926,1146,5467,0.07677292515096194,POINT (-85.24812966197669 35.06598793929658)
47,15160,"Clarksville city, Tennessee",131865,65537,1786,1109,508,3403,0.05192486686909684,POINT (-87.34136469049129 36.56908810358111)
47,40000,"Knoxville city, Tennessee",164271,78618,2461,1633,1030,5124,0.06517591391284439,POINT (-83.94964383673296 35.96922128108606)
47,48000,"Memphis city, Tennessee",495571,230504,9070,7416,5356,21842,0.09475757470586194,POINT (-89.96690085232433 35.10848086526202)
47,51560,"Murfreesboro city, Tennessee",127475,62231,1730,560,899,3189,0.05124455657148366,POINT (-86.41162429809494 35.84827106355682)
47,52006,"Nashville-Davidson metropolitan government (balance), Tennessee",563245,270525,9957,6648,4845,21450,0.07929026892154145,POINT (-86.78428069848223 36.17146250821248)
48,01000,"Abilene city, Texas",102844,52606,1495,1312,434,3241,0.06160894194578565,POINT (-99.73837624929446 32.454290109348044)
48,03000,"Amarillo city, Texas",157357,76545,1423,1403,736,3562,0.046534718139656414,POINT (-101.83258691337454 35.1975717811411)
48,04000,"Arlington city, Texas",313800,151993,3953,2300,2202,8455,0.05562756179560901,POINT (-97.12505358130385 32.6998072766706)
48,05000,"Austin city, Texas",818667,419018,21058,11949,7761,40768,0.09729414965466877,POINT (-97.75402904263414 30.29861623380381)
48,10768,"Brownsville city, Texas",143166,67686,1669,811,711,3191,0.04714416570634991,POINT (-97.45773332076867 25.997071928166537)
48,13024,"Carrollton city, Texas",110983,54809,1562,861,733,3156,0.057581784013574416,POINT (-96.89993348537679 32.98895777163646)
48,15976,"College Station city, Texas",104896,53864,915,358,277,1550,0.02877617703846725,POINT (-96.29594989622092 30.58515566387401)
48,17000,"Corpus Christi city, Texas",254642,125750,3821,2537,2024,8382,0.06665606361829025,POINT (-97.37668577916588 27.725422319357556)
48,19000,"Dallas city, Texas",1036530,513966,17176,15121,10875,43172,0.08399777417183238,POINT (-96.7665965564214 32.79358883715795)
48,19972,"Denton city, Texas",124513,60973,1265,785,397,2447,0.04013251767175635,POINT (-97.14207442523978 33.21705157148767)
48,24000,"El Paso city, Texas",536568,261726,7673,4036,3000,14709,0.056199995415052384,POINT (-106.4299593247747 31.84756381616061)
48,27000,"Fort Worth city, Texas",732215,354785,9813,6728,4531,21072,0.05939371732175825,POINT (-97.34822136688452 32.78194816095708)
48,27684,"Frisco city, Texas",164144,80589,728,442,346,1516,0.018811500328828997,POINT (-96.82162608245703 33.15590381464614)
48,29000,"Garland city, Texas",192669,94759,2019,2196,1507,5722,0.06038476556316551,POINT (-96.63064704866952 32.91010376368053)
48,30464,"Grand Prairie city, Texas",153088,73524,1787,914,770,3471,0.04720907458788967,POINT (-97.02076488113485 32.6871497397882)
48,35000,"Houston city, Texas",1846503,913237,35082,25135,16983,77200,0.08453446367153324,POINT (-95.38857220389379 29.786044552656737)
48,37000,"Irving city, Texas",198473,99809,2623,2281,1189,6093,0.061046599004097826,POINT (-96.97017634712739 32.85828078012267)
48,39148,"Killeen city, Texas",117061,56895,1603,984,591,3178,0.05585728095614729,POINT (-97.73014163342168 31.075637120099174)
48,41464,"Laredo city, Texas",188584,92543,2084,1202,890,4176,0.04512496893336071,POINT (-99.48751564639974 27.562539920433654)
48,42508,"Lewisville city, Texas",103402,49948,1347,919,446,2712,0.05429646832706014,POINT (-96.97534251527641 33.04533894520266)
48,45000,"Lubbock city, Texas",211490,103168,2674,1705,660,5039,0.04884266439205955,POINT (-101.88928845633664 33.56183735914465)
48,45384,"McAllen city, Texas",111069,53352,1848,847,660,3355,0.06288424051581946,POINT (-98.24667742015967 26.225196440864234)
48,45744,"McKinney city, Texas",157131,78345,1246,835,792,2873,0.03667113408641266,POINT (-96.6669560827932 33.20154185738586)
48,47892,"Mesquite city, Texas",114836,54073,1363,1368,367,3098,0.0572929188319494,POINT (-96.5845085942324 32.75932474519064)
48,48072,"Midland city, Texas",100122,51383,1222,1109,490,2821,0.054901426541852365,POINT (-102.11496355033688 32.024233454455526)
48,56000,"Pasadena city, Texas",113764,56068,1206,681,727,2614,0.04662195904972533,POINT (-95.14964265711106 29.657395262282414)
48,58016,"Plano city, Texas",237633,116390,2643,1815,664,5122,0.04400721711487241,POINT (-96.7486765581831 33.05023687060063)
48,63500,"Round Rock city, Texas",100257,48600,1577,1036,263,2876,0.059176954732510285,POINT (-97.66388412768056 30.527076957506125)
48,65000,"San Antonio city, Texas",1171913,575541,20446,14270,8191,42907,0.07455072705506645,POINT (-98.52430036327374 29.462732640443868)
48,76000,"Waco city, Texas",114367,53958,1646,829,504,2979,0.05520960747247859,POINT (-97.18932656795836 31.55786562064207)
49,67000,"Salt Lake City city, Utah",175141,90337,4130,1656,1467,7253,0.08028825398231068,POINT (-111.93049325980789 40.77720903601221)
49,83470,"West Valley City city, Utah",103627,52389,1448,858,523,2829,0.0539998854721411,POINT (-112.0122559479958 40.688546332790565)
51,01000,"Alexandria city, Virginia",131822,63257,3061,1883,1538,6482,0.10247087278878227,POINT (-77.08613412695486 38.81848909771498)
51,03000,"Arlington CDP, Virginia",199380,99956,4120,2277,1572,7969,0.0797250790347753,POINT (-77.10106755834333 38.87856093784521)
51,16000,"Chesapeake city, Virginia",200931,97668,1671,1850,962,4483,0.04590039726420117,POINT (-76.30225943425623 36.677783109094186)
51,35000,"Hampton city, Virginia",112604,53293,1768,757,573,3098,0.05813146191807554,POINT (-76.36320473969165 37.05542448188865)
51,56000,"Newport News city, Virginia",148294,71149,2228,1289,1020,4537,0.063767586332907,POINT (-76.51814137660118 37.10496421408604)
51,57000,"Norfolk city, Virginia",193762,98204,3097,2237,1314,6648,0.06769581687100322,POINT (-76.25696505469811 36.89471627883799)
51,67000,"Richmond city, Virginia",193074,90607,5075,2063,1994,9132,0.10078691491827342,POINT (-77.47555826090753 37.52944525566966)
51,82000,"Virginia Beach city, Virginia",373097,181264,5238,3299,1932,10469,0.057755538882513904,POINT (-76.04348704274733 36.73351834402572)
53,05210,"Bellevue city, Washington",126777,64019,1326,1259,761,3346,0.05226573361033443,POINT (-122.15352767975827 47.59511698007762)
53,35415,"Kent city, Washington",107053,53504,1799,1251,861,3911,0.07309733851674641,POINT (-122.21285742791879 47.38872628070593)
53,63000,"Seattle city, Washington",653471,333625,15357,9026,5522,29905,0.08963656800299738,POINT (-122.32436054174676 47.621114774693794)
53,67000,"Spokane city, Washington",190655,94443,2732,2021,1660,6413,0.06790339146363415,POINT (-117.4330115050846 47.667079711549924)
53,70000,"Tacoma city, Washington",184214,91996,3983,2456,1847,8286,0.09006913344058437,POINT (-122.45311436438593 47.243137904608915)
53,74060,"Vancouver city, Washington",158559,77022,2483,1585,953,5021,0.06518916673158319,POINT (-122.59662778814617 45.63664406511731)
55,48000,"Madison city, Wisconsin",237544,118772,3440,2585,1759,7784,0.06553733203111844,POINT (-89.39044186348457 43.081500638524844)
55,53000,"Milwaukee city, Wisconsin",447580,213353,8863,7328,5532,21723,0.10181717622906639,POINT (-87.96751898283003 43.06426655826128)
